<?xml version="1.0" encoding="UTF-8"?>
<!DOCTYPE suite SYSTEM "http://testng.org/testng-1.0.dtd">
<suite name="suite1">
	<test name="test1">
		<classes>
			<class name="in.srssprojects.keximbank.BasicExecution">
				<methods>
					<include name="loginTest"/>
					<include name="roleCreationWithBlankData"/>
					<include name="roleCreationReset"/>
					<include name="branchCreationResetData"/>
					<include name="branchCreationBlankData"/>
					<include name="employeeCreationWithRestData"/>
				</methods>
			</class>
		</classes>
	</test>
</suite>