<?xml version="1.0" encoding="UTF-8"?>
<!DOCTYPE suite SYSTEM "http://testng.org/testng-1.0.dtd">
<suite name="browser compatability suite">
	<parameter name="url" value="http://srssprojects.in" />
	<test name="chrome test">
		<parameter name="brName" value="chrome" />
		<groups>
			<run>
				<include name="reset" />
			</run>
		</groups>
		<classes>
			<class name="in.srssprojects.keximbank.ParameterExecution">
			</class>
		</classes>
	</test>

	<test name="firefox test">
		<parameter name="brName" value="firefox" />
		<groups>
			<run>
				<include name="cancel" />
			</run>
		</groups>
		<classes>
			<class name="in.srssprojects.keximbank.ParameterExecution">
			</class>
		</classes>
	</test>
</suite>